{
  "properties": {
    "connectionReferences": {
      "shared_sharepointonline": {
        "runtimeSource": "invoker",
        "connection": {
          "connectionReferenceLogicalName": "new_sharedsharepointonline_f51f9"
        },
        "api": {
          "name": "shared_sharepointonline"
        }
      }
    },
    "definition": {
      "$schema": "https://schema.management.azure.com/providers/Microsoft.Logic/schemas/2016-06-01/workflowdefinition.json#",
      "contentVersion": "1.0.0.0",
      "parameters": {
        "$connections": {
          "defaultValue": {},
          "type": "Object"
        },
        "$authentication": {
          "defaultValue": {},
          "type": "SecureObject"
        }
      },
      "triggers": {
        "manual": {
          "metadata": {
            "operationMetadataId": "532baffb-eeac-456f-ba07-4cdaaa6cd465"
          },
          "type": "Request",
          "kind": "PowerAppV2",
          "inputs": {
            "schema": {
              "type": "object",
              "properties": {
                "boolean": {
                  "title": "Yes/No",
                  "type": "boolean",
                  "x-ms-dynamically-added": true,
                  "description": "Please select yes or no",
                  "x-ms-content-hint": "BOOLEAN"
                },
                "number": {
                  "title": "Number",
                  "type": "number",
                  "x-ms-dynamically-added": true,
                  "description": "Please enter a number",
                  "x-ms-content-hint": "NUMBER"
                }
              },
              "required": [
                "boolean",
                "number"
              ]
            }
          }
        }
      },
      "actions": {
        "Get_attachments": {
          "runAfter": {
            "Get_item": [
              "Succeeded"
            ]
          },
          "metadata": {
            "operationMetadataId": "f876d119-6d86-4e26-9e93-d2c75d29d606"
          },
          "type": "OpenApiConnection",
          "inputs": {
            "host": {
              "connectionName": "shared_sharepointonline",
              "operationId": "GetItemAttachments",
              "apiId": "/providers/Microsoft.PowerApps/apis/shared_sharepointonline"
            },
            "parameters": {
              "dataset": "https://biomerieux.sharepoint.com/sites/Clinical_Operations-China_Distributor_territory-China",
              "table": "41e1e02b-eadd-4c3a-b251-2318b1fbff1f",
              "itemId": "@triggerBody()['number']"
            },
            "authentication": "@parameters('$authentication')"
          }
        },
        "Apply_to_each": {
          "foreach": "@body('Get_attachments')",
          "actions": {
            "Get_file_content": {
              "runAfter": {},
              "metadata": {
                "operationMetadataId": "5a43da01-43cf-47bd-a7d6-73f7a395a418"
              },
              "type": "OpenApiConnection",
              "inputs": {
                "host": {
                  "connectionName": "shared_sharepointonline",
                  "operationId": "GetFileContent",
                  "apiId": "/providers/Microsoft.PowerApps/apis/shared_sharepointonline"
                },
                "parameters": {
                  "dataset": "https://biomerieux.sharepoint.com/sites/Clinical_Operations-China_Distributor_territory-China",
                  "id": "@item()?['Id']",
                  "inferContentType": true
                },
                "authentication": "@parameters('$authentication')"
              }
            },
            "Compose": {
              "runAfter": {
                "Get_file_content": [
                  "Succeeded"
                ]
              },
              "metadata": {
                "operationMetadataId": "bc534651-6c40-4048-ab87-8b97373f0eaf"
              },
              "type": "Compose",
              "inputs": "@body('Get_file_content')"
            },
            "Condition": {
              "actions": {
                "Update_item_for_industry": {
                  "runAfter": {},
                  "metadata": {
                    "operationMetadataId": "d1feb393-28c2-4334-8c12-9cf9d66ad996"
                  },
                  "type": "OpenApiConnection",
                  "inputs": {
                    "host": {
                      "connectionName": "shared_sharepointonline",
                      "operationId": "PatchItem",
                      "apiId": "/providers/Microsoft.PowerApps/apis/shared_sharepointonline"
                    },
                    "parameters": {
                      "dataset": "https://biomerieux.sharepoint.com/sites/Clinical_Operations-China_Distributor_territory-China",
                      "table": "41e1e02b-eadd-4c3a-b251-2318b1fbff1f",
                      "id": "@triggerBody()['number']",
                      "item/field_11": "@outputs('Compose')"
                    },
                    "authentication": "@parameters('$authentication')"
                  }
                }
              },
              "runAfter": {
                "Compose": [
                  "Succeeded"
                ]
              },
              "else": {
                "actions": {
                  "Update_item_for_clinic": {
                    "runAfter": {},
                    "metadata": {
                      "operationMetadataId": "f7cf4f95-2dd4-4d7e-b0c4-eed0371907af"
                    },
                    "type": "OpenApiConnection",
                    "inputs": {
                      "host": {
                        "connectionName": "shared_sharepointonline",
                        "operationId": "PatchItem",
                        "apiId": "/providers/Microsoft.PowerApps/apis/shared_sharepointonline"
                      },
                      "parameters": {
                        "dataset": "https://biomerieux.sharepoint.com/sites/Clinical_Operations-China_Distributor_territory-China",
                        "table": "41e1e02b-eadd-4c3a-b251-2318b1fbff1f",
                        "id": "@outputs('Get_item')?['body/ID']",
                        "item/Hosptial": "@outputs('Compose')"
                      },
                      "authentication": "@parameters('$authentication')"
                    }
                  }
                }
              },
              "expression": {
                "equals": [
                  "@triggerBody()['boolean']",
                  true
                ]
              },
              "metadata": {
                "operationMetadataId": "313d1edf-f48f-4579-93b8-1421763b4556"
              },
              "type": "If"
            }
          },
          "runAfter": {
            "Get_attachments": [
              "Succeeded"
            ]
          },
          "metadata": {
            "operationMetadataId": "734cca47-5e0f-4a31-882a-901d7c468ebc"
          },
          "type": "Foreach"
        },
        "Get_item": {
          "runAfter": {},
          "metadata": {
            "operationMetadataId": "7248b93a-0b24-4ca5-9308-98a8d5e5c2ea"
          },
          "type": "OpenApiConnection",
          "inputs": {
            "host": {
              "connectionName": "shared_sharepointonline",
              "operationId": "GetItem",
              "apiId": "/providers/Microsoft.PowerApps/apis/shared_sharepointonline"
            },
            "parameters": {
              "dataset": "https://biomerieux.sharepoint.com/sites/Clinical_Operations-China_Distributor_territory-China",
              "table": "41e1e02b-eadd-4c3a-b251-2318b1fbff1f",
              "id": "@triggerBody()['number']"
            },
            "authentication": "@parameters('$authentication')"
          }
        }
      }
    },
    "templateName": ""
  },
  "schemaVersion": "1.0.0.0"
}