{
  "properties": {
    "connectionReferences": {
      "shared_excelonlinebusiness": {
        "runtimeSource": "invoker",
        "connection": {
          "connectionReferenceLogicalName": "dan_sharedexcelonlinebusiness_8551f"
        },
        "api": {
          "name": "shared_excelonlinebusiness"
        }
      },
      "shared_sharepointonline": {
        "runtimeSource": "invoker",
        "connection": {
          "connectionReferenceLogicalName": "dan_sharedsharepointonline_b71db"
        },
        "api": {
          "name": "shared_sharepointonline"
        }
      }
    },
    "definition": {
      "$schema": "https://schema.management.azure.com/providers/Microsoft.Logic/schemas/2016-06-01/workflowdefinition.json#",
      "contentVersion": "1.0.0.0",
      "parameters": {
        "$connections": {
          "defaultValue": {},
          "type": "Object"
        },
        "$authentication": {
          "defaultValue": {},
          "type": "SecureObject"
        }
      },
      "triggers": {
        "manual": {
          "metadata": {
            "operationMetadataId": "c02d5a04-3016-4b16-9646-6520f7445969"
          },
          "type": "Request",
          "kind": "Button",
          "inputs": {
            "schema": {
              "type": "object",
              "properties": {},
              "required": []
            }
          }
        }
      },
      "actions": {
        "Get_tables": {
          "runAfter": {
            "Initialize_variable": [
              "Succeeded"
            ]
          },
          "metadata": {
            "01PAH2E67J2PXISBPR6FGKBGGUAPCFRMTB": "/General/data/productlist-1130.xlsx",
            "operationMetadataId": "99cab4f8-ff6d-4bdd-8d28-68544ee7c442",
            "tableId": null,
            "01PAH2E6ZM4H4BYQHCCVCJZWLKQ56P2KX4": "/General/data/Sales region.xlsx"
          },
          "type": "OpenApiConnection",
          "inputs": {
            "host": {
              "apiId": "/providers/Microsoft.PowerApps/apis/shared_excelonlinebusiness",
              "connectionName": "shared_excelonlinebusiness",
              "operationId": "GetTables"
            },
            "parameters": {
              "source": "groups/305c9794-3344-474f-b326-710f84600f5a",
              "drive": "b!59f_zl2n2k6EQ0KtYfxLDeap8kR86yFLlWzwPHbH_unl_r4cV90DRpaj78vl370J",
              "file": "01PAH2E6ZM4H4BYQHCCVCJZWLKQ56P2KX4"
            },
            "authentication": {
              "value": "@json(decodeBase64(triggerOutputs().headers['X-MS-APIM-Tokens']))['$ConnectionKey']",
              "type": "Raw"
            }
          }
        },
        "List_rows_present_in_a_table": {
          "runAfter": {
            "Get_tables": [
              "Succeeded"
            ]
          },
          "metadata": {
            "01PAH2E67J2PXISBPR6FGKBGGUAPCFRMTB": "/General/data/productlist-1130.xlsx",
            "operationMetadataId": "d011056c-21e4-4c63-aaff-6ca23d825c3c",
            "tableId": "{ABE7292A-DA14-4424-936F-ECCEE433D2CD}",
            "01PAH2E6ZM4H4BYQHCCVCJZWLKQ56P2KX4": "/General/data/Sales region.xlsx"
          },
          "type": "OpenApiConnection",
          "inputs": {
            "host": {
              "apiId": "/providers/Microsoft.PowerApps/apis/shared_excelonlinebusiness",
              "connectionName": "shared_excelonlinebusiness",
              "operationId": "GetItems"
            },
            "parameters": {
              "source": "groups/305c9794-3344-474f-b326-710f84600f5a",
              "drive": "b!59f_zl2n2k6EQ0KtYfxLDeap8kR86yFLlWzwPHbH_unl_r4cV90DRpaj78vl370J",
              "file": "01PAH2E6ZM4H4BYQHCCVCJZWLKQ56P2KX4",
              "table": "{ABE7292A-DA14-4424-936F-ECCEE433D2CD}",
              "$top": 5000
            },
            "authentication": {
              "value": "@json(decodeBase64(triggerOutputs().headers['X-MS-APIM-Tokens']))['$ConnectionKey']",
              "type": "Raw"
            }
          },
          "runtimeConfiguration": {
            "paginationPolicy": {
              "minimumItemCount": 5000
            }
          }
        },
        "Apply_to_each": {
          "foreach": "@outputs('List_rows_present_in_a_table')?['body/value']",
          "actions": {
            "Create_item_1": {
              "runAfter": {},
              "metadata": {
                "operationMetadataId": "08418f19-9f03-46b2-9bba-7f00ea94985f"
              },
              "type": "OpenApiConnection",
              "inputs": {
                "host": {
                  "apiId": "/providers/Microsoft.PowerApps/apis/shared_sharepointonline",
                  "connectionName": "shared_sharepointonline",
                  "operationId": "PostItem"
                },
                "parameters": {
                  "dataset": "https://biomerieux.sharepoint.com/sites/Clinical_Operations-China_Distributor_territory-China",
                  "table": "e7cdd881-661f-4180-bdbb-90a25ba86b8b",
                  "item/Title": "@item()?['Municipal']",
                  "item/field_1": true,
                  "item/field_2/Value": "City",
                  "item/field_3": "@item()?['Parent']",
                  "item/SalesOffice/Value": "@item()?['Region']"
                },
                "authentication": {
                  "value": "@json(decodeBase64(triggerOutputs().headers['X-MS-APIM-Tokens']))['$ConnectionKey']",
                  "type": "Raw"
                }
              }
            }
          },
          "runAfter": {
            "List_rows_present_in_a_table": [
              "Succeeded"
            ]
          },
          "metadata": {
            "operationMetadataId": "eca046f9-4645-46bf-9204-b2b0907bffe7"
          },
          "type": "Foreach"
        },
        "Initialize_variable": {
          "runAfter": {},
          "metadata": {
            "operationMetadataId": "5da5b5e0-dddf-4668-856b-244528902693"
          },
          "type": "InitializeVariable",
          "inputs": {
            "variables": [
              {
                "name": "bin",
                "type": "array",
                "value": [
                  {
                    "en": "REAGENT",
                    "cn": "试剂"
                  },
                  {
                    "en": "SERVICE",
                    "cn": "服务"
                  },
                  {
                    "en": "EQUIPMENT",
                    "cn": "仪器"
                  }
                ]
              }
            ]
          }
        }
      }
    },
    "templateName": null
  },
  "schemaVersion": "1.0.0.0"
}