<ImportExportXml version="9.2.24013.186" SolutionPackageVersion="9.2" languagecode="1033" generatedBy="CrmLive" xmlns:xsi="http://www.w3.org/2001/XMLSchema-instance">
  <SolutionManifest>
    <UniqueName>daniel_cn_flows</UniqueName>
    <LocalizedNames>
      <LocalizedName description="daniel_cn_flows" languagecode="1033" />
    </LocalizedNames>
    <Descriptions>
      <Description description="daniel_cn_flows" languagecode="1033" />
    </Descriptions>
    <Version>1.0.0.1</Version>
    <Managed>0</Managed>
    <Publisher>
      <UniqueName>Daniel</UniqueName>
      <LocalizedNames>
        <LocalizedName description="Daniel" languagecode="1033" />
      </LocalizedNames>
      <Descriptions />
      <EMailAddress xsi:nil="true"></EMailAddress>
      <SupportingWebsiteUrl xsi:nil="true"></SupportingWebsiteUrl>
      <CustomizationPrefix>dan</CustomizationPrefix>
      <CustomizationOptionValuePrefix>77441</CustomizationOptionValuePrefix>
      <Addresses>
        <Address>
          <AddressNumber>1</AddressNumber>
          <AddressTypeCode>1</AddressTypeCode>
          <City xsi:nil="true"></City>
          <County xsi:nil="true"></County>
          <Country xsi:nil="true"></Country>
          <Fax xsi:nil="true"></Fax>
          <FreightTermsCode xsi:nil="true"></FreightTermsCode>
          <ImportSequenceNumber xsi:nil="true"></ImportSequenceNumber>
          <Latitude xsi:nil="true"></Latitude>
          <Line1 xsi:nil="true"></Line1>
          <Line2 xsi:nil="true"></Line2>
          <Line3 xsi:nil="true"></Line3>
          <Longitude xsi:nil="true"></Longitude>
          <Name xsi:nil="true"></Name>
          <PostalCode xsi:nil="true"></PostalCode>
          <PostOfficeBox xsi:nil="true"></PostOfficeBox>
          <PrimaryContactName xsi:nil="true"></PrimaryContactName>
          <ShippingMethodCode>1</ShippingMethodCode>
          <StateOrProvince xsi:nil="true"></StateOrProvince>
          <Telephone1 xsi:nil="true"></Telephone1>
          <Telephone2 xsi:nil="true"></Telephone2>
          <Telephone3 xsi:nil="true"></Telephone3>
          <TimeZoneRuleVersionNumber xsi:nil="true"></TimeZoneRuleVersionNumber>
          <UPSZone xsi:nil="true"></UPSZone>
          <UTCOffset xsi:nil="true"></UTCOffset>
          <UTCConversionTimeZoneCode xsi:nil="true"></UTCConversionTimeZoneCode>
        </Address>
        <Address>
          <AddressNumber>2</AddressNumber>
          <AddressTypeCode>1</AddressTypeCode>
          <City xsi:nil="true"></City>
          <County xsi:nil="true"></County>
          <Country xsi:nil="true"></Country>
          <Fax xsi:nil="true"></Fax>
          <FreightTermsCode xsi:nil="true"></FreightTermsCode>
          <ImportSequenceNumber xsi:nil="true"></ImportSequenceNumber>
          <Latitude xsi:nil="true"></Latitude>
          <Line1 xsi:nil="true"></Line1>
          <Line2 xsi:nil="true"></Line2>
          <Line3 xsi:nil="true"></Line3>
          <Longitude xsi:nil="true"></Longitude>
          <Name xsi:nil="true"></Name>
          <PostalCode xsi:nil="true"></PostalCode>
          <PostOfficeBox xsi:nil="true"></PostOfficeBox>
          <PrimaryContactName xsi:nil="true"></PrimaryContactName>
          <ShippingMethodCode>1</ShippingMethodCode>
          <StateOrProvince xsi:nil="true"></StateOrProvince>
          <Telephone1 xsi:nil="true"></Telephone1>
          <Telephone2 xsi:nil="true"></Telephone2>
          <Telephone3 xsi:nil="true"></Telephone3>
          <TimeZoneRuleVersionNumber xsi:nil="true"></TimeZoneRuleVersionNumber>
          <UPSZone xsi:nil="true"></UPSZone>
          <UTCOffset xsi:nil="true"></UTCOffset>
          <UTCConversionTimeZoneCode xsi:nil="true"></UTCConversionTimeZoneCode>
        </Address>
      </Addresses>
    </Publisher>
    <RootComponents>
      <RootComponent type="29" id="{32f8f35d-83a2-ee11-be37-000d3a2d29bc}" behavior="0" />
      <RootComponent type="29" id="{3892b52b-68b7-ee11-a569-000d3a2d29bc}" behavior="0" />
      <RootComponent type="29" id="{7839cee2-2c95-ee11-be37-000d3a2d29bc}" behavior="0" />
      <RootComponent type="29" id="{c92611c7-35ce-ee11-9079-000d3a2d29bc}" behavior="0" />
      <RootComponent type="29" id="{ca2611c7-35ce-ee11-9079-000d3a2d29bc}" behavior="0" />
      <RootComponent type="29" id="{cb2611c7-35ce-ee11-9079-000d3a2d29bc}" behavior="0" />
      <RootComponent type="29" id="{f80776c5-69b5-ee11-a569-000d3a2d29bc}" behavior="0" />
    </RootComponents>
    <MissingDependencies>
      <MissingDependency>
        <Required type="connectionreference" displayName="new_sharedoffice365_cbcd4" solution="Active" id.connectionreferencelogicalname="new_sharedoffice365_cbcd4" />
        <Dependent type="29" displayName="createContractFile" id="{32f8f35d-83a2-ee11-be37-000d3a2d29bc}" />
      </MissingDependency>
      <MissingDependency>
        <Required type="connectionreference" displayName="new_sharedoffice365_cbcd4" solution="Active" id.connectionreferencelogicalname="new_sharedoffice365_cbcd4" />
        <Dependent type="29" displayName="createDistUserContract" id="{3892b52b-68b7-ee11-a569-000d3a2d29bc}" />
      </MissingDependency>
      <MissingDependency>
        <Required type="connectionreference" displayName="new_sharedoffice365_cbcd4" solution="Active" id.connectionreferencelogicalname="new_sharedoffice365_cbcd4" />
        <Dependent type="29" displayName="createBidContract" id="{f80776c5-69b5-ee11-a569-000d3a2d29bc}" />
      </MissingDependency>
      <MissingDependency>
        <Required type="connectionreference" displayName="new_sharedsharepointonline_f51f9" solution="Active" id.connectionreferencelogicalname="new_sharedsharepointonline_f51f9" />
        <Dependent type="29" displayName="createContractFile" id="{32f8f35d-83a2-ee11-be37-000d3a2d29bc}" />
      </MissingDependency>
      <MissingDependency>
        <Required type="connectionreference" displayName="new_sharedsharepointonline_f51f9" solution="Active" id.connectionreferencelogicalname="new_sharedsharepointonline_f51f9" />
        <Dependent type="29" displayName="createDistUserContract" id="{3892b52b-68b7-ee11-a569-000d3a2d29bc}" />
      </MissingDependency>
      <MissingDependency>
        <Required type="connectionreference" displayName="new_sharedsharepointonline_f51f9" solution="Active" id.connectionreferencelogicalname="new_sharedsharepointonline_f51f9" />
        <Dependent type="29" displayName="getAttachData" id="{7839cee2-2c95-ee11-be37-000d3a2d29bc}" />
      </MissingDependency>
      <MissingDependency>
        <Required type="connectionreference" displayName="new_sharedsharepointonline_f51f9" solution="Active" id.connectionreferencelogicalname="new_sharedsharepointonline_f51f9" />
        <Dependent type="29" displayName="createBidContract" id="{f80776c5-69b5-ee11-a569-000d3a2d29bc}" />
      </MissingDependency>
      <MissingDependency>
        <Required type="connectionreference" displayName="new_sharedwordonlinebusiness_155d5" solution="Active" id.connectionreferencelogicalname="new_sharedwordonlinebusiness_155d5" />
        <Dependent type="29" displayName="createContractFile" id="{32f8f35d-83a2-ee11-be37-000d3a2d29bc}" />
      </MissingDependency>
      <MissingDependency>
        <Required type="connectionreference" displayName="new_sharedwordonlinebusiness_155d5" solution="Active" id.connectionreferencelogicalname="new_sharedwordonlinebusiness_155d5" />
        <Dependent type="29" displayName="createDistUserContract" id="{3892b52b-68b7-ee11-a569-000d3a2d29bc}" />
      </MissingDependency>
      <MissingDependency>
        <Required type="connectionreference" displayName="new_sharedwordonlinebusiness_155d5" solution="Active" id.connectionreferencelogicalname="new_sharedwordonlinebusiness_155d5" />
        <Dependent type="29" displayName="createBidContract" id="{f80776c5-69b5-ee11-a569-000d3a2d29bc}" />
      </MissingDependency>
    </MissingDependencies>
  </SolutionManifest>
</ImportExportXml>